{"v":"5.8.1","fr":10,"ip":0,"op":100,"w":200,"h":246,"nm":"Frame 64","ddd":0,"assets":[{"id":"comp_0","nm":"up-brd","fr":60,"layers":[{"ddd":0,"ind":1,"ty":3,"nm":"▽ upper-bord","sr":1,"ks":{"o":{"a":0,"k":100,"ix":11},"r":{"a":0,"k":0,"ix":10},"p":{"a":0,"k":[18.824,6.703,0],"ix":2,"l":2},"a":{"a":0,"k":[18.824,6.703,0],"ix":1,"l":2},"s":{"a":0,"k":[100,100,100],"ix":6,"l":2}},"ao":0,"ip":0,"op":300,"st":0,"bm":0},{"ddd":0,"ind":2,"ty":3,"nm":"▽ Group 129","parent":1,"sr":1,"ks":{"o":{"a":0,"k":100,"ix":11},"r":{"a":0,"k":0,"ix":10},"p":{"a":0,"k":[18.824,6.703,0],"ix":2,"l":2},"a":{"a":0,"k":[18.824,6.703,0],"ix":1,"l":2},"s":{"a":0,"k":[100,100,100],"ix":6,"l":2}},"ao":0,"ip":0,"op":300,"st":0,"bm":0},{"ddd":0,"ind":3,"ty":3,"nm":"▽ Group 128","parent":2,"sr":1,"ks":{"o":{"a":0,"k":100,"ix":11},"r":{"a":0,"k":0,"ix":10},"p":{"a":0,"k":[18.824,6.703,0],"ix":2,"l":2},"a":{"a":0,"k":[18.824,6.703,0],"ix":1,"l":2},"s":{"a":0,"k":[100,100,100],"ix":6,"l":2}},"ao":0,"ip":0,"op":300,"st":0,"bm":0},{"ddd":0,"ind":4,"ty":3,"nm":"▽ Group 127","parent":3,"sr":1,"ks":{"o":{"a":0,"k":100,"ix":11},"r":{"a":0,"k":0,"ix":10},"p":{"a":0,"k":[18.824,6.703,0],"ix":2,"l":2},"a":{"a":0,"k":[18.824,6.703,0],"ix":1,"l":2},"s":{"a":0,"k":[100,100,100],"ix":6,"l":2}},"ao":0,"ip":0,"op":300,"st":0,"bm":0},{"ddd":0,"ind":5,"ty":3,"nm":"▽ upper-board","parent":4,"sr":1,"ks":{"o":{"a":0,"k":100,"ix":11},"r":{"a":0,"k":0,"ix":10},"p":{"a":0,"k":[18.824,6.703,0],"ix":2,"l":2},"a":{"a":0,"k":[18.824,6.703,0],"ix":1,"l":2},"s":{"a":0,"k":[100,100,100],"ix":6,"l":2}},"ao":0,"ip":0,"op":300,"st":0,"bm":0},{"ddd":0,"ind":6,"ty":4,"nm":"Vector","parent":5,"sr":1,"ks":{"o":{"a":0,"k":50,"ix":11},"r":{"a":0,"k":0,"ix":10},"p":{"a":0,"k":[15.249,2.317,0],"ix":2,"l":2},"a":{"a":0,"k":[0,0,0],"ix":1,"l":2},"s":{"a":0,"k":[100,100,100],"ix":6,"l":2}},"ao":0,"shapes":[{"ty":"gr","it":[{"ind":0,"ty":"sh","ix":1,"ks":{"a":0,"k":{"i":[[-0.125,0.01],[0,0],[0,0],[-0.118,0.041],[-0.092,0.085],[-0.05,0.115],[0,0.125],[0.05,0.115],[0.092,0.085],[0.118,0.041],[0.125,-0.01],[0,0],[0.118,-0.041],[0.092,-0.085],[0.05,-0.115],[0,-0.125],[-0.05,-0.115],[-0.092,-0.085],[-0.118,-0.041]],"o":[[0,0],[0,0],[0.125,0.01],[0.118,-0.041],[0.092,-0.085],[0.05,-0.115],[0,-0.125],[-0.05,-0.115],[-0.092,-0.085],[-0.118,-0.041],[0,0],[-0.125,-0.01],[-0.118,0.041],[-0.092,0.085],[-0.05,0.115],[0,0.125],[0.05,0.115],[0.092,0.085],[0.118,0.041]],"v":[[-0.709,0.905],[0.709,0.905],[0.709,0.905],[1.078,0.858],[1.397,0.667],[1.613,0.364],[1.689,0],[1.613,-0.364],[1.397,-0.667],[1.078,-0.858],[0.709,-0.905],[-0.709,-0.905],[-1.078,-0.858],[-1.397,-0.667],[-1.613,-0.364],[-1.689,0],[-1.613,0.364],[-1.397,0.667],[-1.078,0.858]],"c":true},"ix":2},"nm":"Path 1","mn":"ADBE Vector Shape - Group","hd":false},{"ty":"fl","c":{"a":0,"k":[1,1,1,1],"ix":4},"o":{"a":0,"k":100,"ix":5},"r":1,"bm":0,"nm":"Fill 1","mn":"ADBE Vector Graphic - Fill","hd":false},{"ty":"tr","p":{"a":0,"k":[0,0],"ix":2},"a":{"a":0,"k":[0,0],"ix":1},"s":{"a":0,"k":[100,100],"ix":3},"r":{"a":0,"k":0,"ix":6},"o":{"a":0,"k":100,"ix":7},"sk":{"a":0,"k":0,"ix":4},"sa":{"a":0,"k":0,"ix":5},"nm":"Transform"}],"nm":"Vector","np":2,"cix":2,"bm":0,"ix":1,"mn":"ADBE Vector Group","hd":false}],"ip":0,"op":300,"st":0,"bm":0},{"ddd":0,"ind":7,"ty":4,"nm":"Vector","parent":5,"sr":1,"ks":{"o":{"a":0,"k":50,"ix":11},"r":{"a":0,"k":0,"ix":10},"p":{"a":0,"k":[27.099,2.317,0],"ix":2,"l":2},"a":{"a":0,"k":[0,0,0],"ix":1,"l":2},"s":{"a":0,"k":[100,100,100],"ix":6,"l":2}},"ao":0,"shapes":[{"ty":"gr","it":[{"ind":0,"ty":"sh","ix":1,"ks":{"a":0,"k":{"i":[[-0.125,0.01],[0,0],[0,0],[-0.155,0.168],[0,0.228],[0.155,0.168],[0.227,0.018],[0,0],[0.118,-0.041],[0.092,-0.085],[0.05,-0.115],[0,-0.125],[-0.05,-0.115],[-0.092,-0.085],[-0.118,-0.041]],"o":[[0,0],[0,0],[0.227,-0.018],[0.155,-0.168],[0,-0.228],[-0.155,-0.168],[0,0],[-0.125,-0.01],[-0.118,0.041],[-0.092,0.085],[-0.05,0.115],[0,0.125],[0.05,0.115],[0.092,0.085],[0.118,0.041]],"v":[[-6.661,0.905],[6.807,0.905],[6.807,0.905],[7.401,0.616],[7.642,0],[7.401,-0.616],[6.807,-0.905],[-6.661,-0.905],[-7.03,-0.858],[-7.35,-0.667],[-7.566,-0.364],[-7.642,0],[-7.566,0.364],[-7.35,0.667],[-7.03,0.858]],"c":true},"ix":2},"nm":"Path 1","mn":"ADBE Vector Shape - Group","hd":false},{"ty":"fl","c":{"a":0,"k":[1,1,1,1],"ix":4},"o":{"a":0,"k":100,"ix":5},"r":1,"bm":0,"nm":"Fill 1","mn":"ADBE Vector Graphic - Fill","hd":false},{"ty":"tr","p":{"a":0,"k":[0,0],"ix":2},"a":{"a":0,"k":[0,0],"ix":1},"s":{"a":0,"k":[100,100],"ix":3},"r":{"a":0,"k":0,"ix":6},"o":{"a":0,"k":100,"ix":7},"sk":{"a":0,"k":0,"ix":4},"sa":{"a":0,"k":0,"ix":5},"nm":"Transform"}],"nm":"Vector","np":2,"cix":2,"bm":0,"ix":1,"mn":"ADBE Vector Group","hd":false}],"ip":0,"op":300,"st":0,"bm":0},{"ddd":0,"ind":8,"ty":4,"nm":"Vector","parent":5,"sr":1,"ks":{"o":{"a":0,"k":60,"ix":11},"r":{"a":0,"k":0,"ix":10},"p":{"a":0,"k":[18.824,6.703,0],"ix":2,"l":2},"a":{"a":0,"k":[0,0,0],"ix":1,"l":2},"s":{"a":0,"k":[100,100,100],"ix":6,"l":2}},"ao":0,"shapes":[{"ty":"gr","it":[{"ind":0,"ty":"sh","ix":1,"ks":{"a":0,"k":{"i":[[0.427,-0.012],[0,0],[0.7,-0.616],[0.146,-0.921],[0,0],[-0.115,-0.412],[-0.28,-0.323],[-0.391,-0.172],[-0.427,0.012],[0,0],[-0.699,0.616],[-0.146,0.92],[0,0],[0.115,0.412],[0.28,0.323],[0.391,0.172]],"o":[[0,0],[-0.932,0.027],[-0.7,0.616],[0,0],[-0.072,0.421],[0.115,0.412],[0.28,0.323],[0.391,0.172],[0,0],[0.931,-0.028],[0.699,-0.616],[0,0],[0.072,-0.421],[-0.115,-0.412],[-0.28,-0.323],[-0.391,-0.172]],"v":[[15.855,-6.702],[-14.045,-6.702],[-16.571,-5.707],[-17.881,-3.329],[-18.782,3.329],[-18.717,4.594],[-18.117,5.709],[-17.097,6.46],[-15.855,6.702],[14.057,6.702],[16.58,5.706],[17.887,3.329],[18.782,-3.329],[18.717,-4.594],[18.117,-5.709],[17.097,-6.46]],"c":true},"ix":2},"nm":"Path 1","mn":"ADBE Vector Shape - Group","hd":false},{"ty":"fl","c":{"a":0,"k":[1,1,1,1],"ix":4},"o":{"a":0,"k":100,"ix":5},"r":1,"bm":0,"nm":"Fill 1","mn":"ADBE Vector Graphic - Fill","hd":false},{"ty":"tr","p":{"a":0,"k":[0,0],"ix":2},"a":{"a":0,"k":[0,0],"ix":1},"s":{"a":0,"k":[100,100],"ix":3},"r":{"a":0,"k":0,"ix":6},"o":{"a":0,"k":100,"ix":7},"sk":{"a":0,"k":0,"ix":4},"sa":{"a":0,"k":0,"ix":5},"nm":"Transform"}],"nm":"Vector","np":2,"cix":2,"bm":0,"ix":1,"mn":"ADBE Vector Group","hd":false}],"ip":0,"op":300,"st":0,"bm":0},{"ddd":0,"ind":9,"ty":4,"nm":"Vector","parent":1,"sr":1,"ks":{"o":{"a":0,"k":100,"ix":11},"r":{"a":0,"k":0,"ix":10},"p":{"a":0,"k":[18.824,6.703,0],"ix":2,"l":2},"a":{"a":0,"k":[0,0,0],"ix":1,"l":2},"s":{"a":0,"k":[100,100,100],"ix":6,"l":2}},"ao":0,"shapes":[{"ty":"gr","it":[{"ind":0,"ty":"sh","ix":1,"ks":{"a":0,"k":{"i":[[0.427,-0.012],[0,0],[0.7,-0.616],[0.146,-0.921],[0,0],[-0.115,-0.412],[-0.28,-0.323],[-0.391,-0.172],[-0.427,0.012],[0,0],[-0.699,0.616],[-0.146,0.92],[0,0],[0.115,0.412],[0.28,0.323],[0.391,0.172]],"o":[[0,0],[-0.932,0.027],[-0.7,0.616],[0,0],[-0.072,0.421],[0.115,0.412],[0.28,0.323],[0.391,0.172],[0,0],[0.931,-0.028],[0.699,-0.616],[0,0],[0.072,-0.421],[-0.115,-0.412],[-0.28,-0.323],[-0.391,-0.172]],"v":[[15.855,-6.702],[-14.045,-6.702],[-16.571,-5.707],[-17.881,-3.329],[-18.782,3.329],[-18.717,4.594],[-18.117,5.709],[-17.097,6.46],[-15.855,6.702],[14.057,6.702],[16.58,5.706],[17.887,3.329],[18.782,-3.329],[18.717,-4.594],[18.117,-5.709],[17.097,-6.46]],"c":true},"ix":2},"nm":"Path 1","mn":"ADBE Vector Shape - Group","hd":false},{"ty":"fl","c":{"a":0,"k":[0.9686274509803922,0.7098039215686275,0,1],"ix":4},"o":{"a":0,"k":100,"ix":5},"r":1,"bm":0,"nm":"Fill 1","mn":"ADBE Vector Graphic - Fill","hd":false},{"ty":"tr","p":{"a":0,"k":[0,0],"ix":2},"a":{"a":0,"k":[0,0],"ix":1},"s":{"a":0,"k":[100,100],"ix":3},"r":{"a":0,"k":0,"ix":6},"o":{"a":0,"k":100,"ix":7},"sk":{"a":0,"k":0,"ix":4},"sa":{"a":0,"k":0,"ix":5},"nm":"Transform"}],"nm":"Vector","np":2,"cix":2,"bm":0,"ix":1,"mn":"ADBE Vector Group","hd":false}],"ip":0,"op":300,"st":0,"bm":0},{"ddd":0,"ind":10,"ty":4,"nm":"Vector","parent":1,"sr":1,"ks":{"o":{"a":0,"k":40,"ix":11},"r":{"a":0,"k":0,"ix":10},"p":{"a":0,"k":[34.237,9.496,0],"ix":2,"l":2},"a":{"a":0,"k":[0,0,0],"ix":1,"l":2},"s":{"a":0,"k":[100,100,100],"ix":6,"l":2}},"ao":0,"shapes":[{"ty":"gr","it":[{"ind":0,"ty":"sh","ix":1,"ks":{"a":0,"k":{"i":[[0.471,0.005],[0,0],[0,0],[0.062,0.066],[0,0.091],[0,0],[-0.075,0.075],[-0.107,0.002],[0,0],[-0.044,-0.018],[-0.034,-0.033],[-0.018,-0.044],[0,-0.047],[0,0],[0.184,-0.433],[0.336,-0.33],[0.437,-0.176]],"o":[[0,0],[0,0],[-0.091,-0.006],[-0.062,-0.066],[0,0],[0.002,-0.107],[0.075,-0.075],[0,0],[0.047,-0.001],[0.044,0.018],[0.034,0.033],[0.018,0.044],[0,0],[-0.005,0.471],[-0.184,0.433],[-0.336,0.33],[-0.437,0.176]],"v":[[-0.752,3.587],[-2.509,3.587],[-2.509,3.587],[-2.747,3.474],[-2.843,3.229],[-2.866,-3.183],[-2.746,-3.467],[-2.462,-3.587],[2.503,-3.587],[2.642,-3.561],[2.76,-3.484],[2.839,-3.368],[2.866,-3.23],[2.866,0.038],[2.58,1.407],[1.792,2.562],[0.622,3.327]],"c":true},"ix":2},"nm":"Path 1","mn":"ADBE Vector Shape - Group","hd":false},{"ty":"fl","c":{"a":0,"k":[0,0,0,1],"ix":4},"o":{"a":0,"k":100,"ix":5},"r":1,"bm":0,"nm":"Fill 1","mn":"ADBE Vector Graphic - Fill","hd":false},{"ty":"tr","p":{"a":0,"k":[0,0],"ix":2},"a":{"a":0,"k":[0,0],"ix":1},"s":{"a":0,"k":[100,100],"ix":3},"r":{"a":0,"k":0,"ix":6},"o":{"a":0,"k":100,"ix":7},"sk":{"a":0,"k":0,"ix":4},"sa":{"a":0,"k":0,"ix":5},"nm":"Transform"}],"nm":"Vector","np":2,"cix":2,"bm":0,"ix":1,"mn":"ADBE Vector Group","hd":false}],"ip":0,"op":300,"st":0,"bm":0},{"ddd":0,"ind":11,"ty":4,"nm":"up-brd","sr":1,"ks":{"o":{"a":0,"k":100,"ix":11},"r":{"a":0,"k":0,"ix":10},"p":{"a":0,"k":[18.824,6.703,0],"ix":2,"l":2},"a":{"a":0,"k":[0,0,0],"ix":1,"l":2},"s":{"a":0,"k":[100,100,100],"ix":6,"l":2}},"ao":0,"shapes":[{"ty":"gr","it":[{"ty":"rc","d":1,"s":{"a":0,"k":[37.648,13.406],"ix":2},"p":{"a":0,"k":[0,0],"ix":3},"r":{"a":0,"k":0,"ix":4},"nm":"Rectangle Path 1","mn":"ADBE Vector Shape - Rect","hd":false},{"ty":"tr","p":{"a":0,"k":[0,0],"ix":2},"a":{"a":0,"k":[0,0],"ix":1},"s":{"a":0,"k":[100,100],"ix":3},"r":{"a":0,"k":0,"ix":6},"o":{"a":0,"k":100,"ix":7},"sk":{"a":0,"k":0,"ix":4},"sa":{"a":0,"k":0,"ix":5},"nm":"Transform"}],"nm":"up-brd","np":1,"cix":2,"bm":0,"ix":1,"mn":"ADBE Vector Group","hd":false}],"ip":0,"op":300,"st":0,"bm":0}]},{"id":"comp_1","nm":"h1-f 4","fr":60,"layers":[{"ddd":0,"ind":1,"ty":3,"nm":"▽ h1","sr":1,"ks":{"o":{"a":0,"k":100,"ix":11},"r":{"a":0,"k":0,"ix":10},"p":{"a":0,"k":[20.594,6.234,0],"ix":2,"l":2},"a":{"a":0,"k":[20.594,6.234,0],"ix":1,"l":2},"s":{"a":0,"k":[100,100,100],"ix":6,"l":2}},"ao":0,"ip":0,"op":300,"st":0,"bm":0},{"ddd":0,"ind":2,"ty":4,"nm":"Vector","parent":1,"sr":1,"ks":{"o":{"a":0,"k":30,"ix":11},"r":{"a":0,"k":0,"ix":10},"p":{"a":0,"k":[23.587,10.421,0],"ix":2,"l":2},"a":{"a":0,"k":[0,0,0],"ix":1,"l":2},"s":{"a":0,"k":[100,100,100],"ix":6,"l":2}},"ao":0,"shapes":[{"ty":"gr","it":[{"ind":0,"ty":"sh","ix":1,"ks":{"a":0,"k":{"i":[[0.552,-0.01],[0,0],[0,0],[0.243,0.104],[0.18,0.193],[0.088,0.249],[-0.019,0.263],[-0.402,0.378],[-0.552,0.009],[0,0],[-0.243,-0.103],[-0.181,-0.192],[-0.088,-0.249],[0.019,-0.263],[0.402,-0.379]],"o":[[0,0],[0,0],[-0.264,0.002],[-0.243,-0.104],[-0.18,-0.193],[-0.088,-0.249],[0.042,-0.55],[0.402,-0.378],[0,0],[0.264,-0.003],[0.243,0.103],[0.181,0.192],[0.088,0.249],[-0.042,0.551],[-0.402,0.379]],"v":[[14.88,2.047],[-15.131,2.047],[-15.131,2.047],[-15.9,1.893],[-16.541,1.443],[-16.948,0.774],[-17.052,-0.003],[-16.362,-1.446],[-14.88,-2.047],[15.131,-2.047],[15.899,-1.895],[16.541,-1.447],[16.948,-0.779],[17.052,-0.003],[16.362,1.442]],"c":true},"ix":2},"nm":"Path 1","mn":"ADBE Vector Shape - Group","hd":false},{"ty":"fl","c":{"a":0,"k":[0.9686274509803922,0.7098039215686275,0,1],"ix":4},"o":{"a":0,"k":100,"ix":5},"r":1,"bm":0,"nm":"Fill 1","mn":"ADBE Vector Graphic - Fill","hd":false},{"ty":"tr","p":{"a":0,"k":[0,0],"ix":2},"a":{"a":0,"k":[0,0],"ix":1},"s":{"a":0,"k":[100,100],"ix":3},"r":{"a":0,"k":0,"ix":6},"o":{"a":0,"k":100,"ix":7},"sk":{"a":0,"k":0,"ix":4},"sa":{"a":0,"k":0,"ix":5},"nm":"Transform"}],"nm":"Vector","np":2,"cix":2,"bm":0,"ix":1,"mn":"ADBE Vector Group","hd":false}],"ip":0,"op":300,"st":0,"bm":0},{"ddd":0,"ind":3,"ty":4,"nm":"Vector","parent":1,"sr":1,"ks":{"o":{"a":0,"k":30,"ix":11},"r":{"a":0,"k":0,"ix":10},"p":{"a":0,"k":[20.594,2.047,0],"ix":2,"l":2},"a":{"a":0,"k":[0,0,0],"ix":1,"l":2},"s":{"a":0,"k":[100,100,100],"ix":6,"l":2}},"ao":0,"shapes":[{"ty":"gr","it":[{"ind":0,"ty":"sh","ix":1,"ks":{"a":0,"k":{"i":[[0.552,-0.009],[0,0],[0,0],[0.245,0.102],[0.183,0.193],[0.089,0.25],[-0.02,0.265],[-0.402,0.379],[-0.553,0.009],[0,0],[-0.243,-0.104],[-0.18,-0.193],[-0.088,-0.249],[0.019,-0.263],[0.402,-0.378]],"o":[[0,0],[0,0],[-0.266,0.006],[-0.245,-0.102],[-0.183,-0.193],[-0.089,-0.25],[0.041,-0.551],[0.402,-0.379],[0,0],[0.264,-0.002],[0.243,0.104],[0.18,0.193],[0.088,0.249],[-0.042,0.55],[-0.402,0.378]],"v":[[18.416,2.046],[-18.645,2.046],[-18.645,2.046],[-19.42,1.902],[-20.07,1.455],[-20.483,0.784],[-20.589,0.003],[-19.9,-1.444],[-18.416,-2.047],[18.668,-2.047],[19.436,-1.893],[20.078,-1.443],[20.485,-0.774],[20.589,0.003],[19.899,1.445]],"c":true},"ix":2},"nm":"Path 1","mn":"ADBE Vector Shape - Group","hd":false},{"ty":"fl","c":{"a":0,"k":[0.9686274509803922,0.7098039215686275,0,1],"ix":4},"o":{"a":0,"k":100,"ix":5},"r":1,"bm":0,"nm":"Fill 1","mn":"ADBE Vector Graphic - Fill","hd":false},{"ty":"tr","p":{"a":0,"k":[0,0],"ix":2},"a":{"a":0,"k":[0,0],"ix":1},"s":{"a":0,"k":[100,100],"ix":3},"r":{"a":0,"k":0,"ix":6},"o":{"a":0,"k":100,"ix":7},"sk":{"a":0,"k":0,"ix":4},"sa":{"a":0,"k":0,"ix":5},"nm":"Transform"}],"nm":"Vector","np":2,"cix":2,"bm":0,"ix":1,"mn":"ADBE Vector Group","hd":false}],"ip":0,"op":300,"st":0,"bm":0},{"ddd":0,"ind":4,"ty":4,"nm":"h1-f","sr":1,"ks":{"o":{"a":0,"k":100,"ix":11},"r":{"a":0,"k":0,"ix":10},"p":{"a":0,"k":[20.594,6.234,0],"ix":2,"l":2},"a":{"a":0,"k":[0,0,0],"ix":1,"l":2},"s":{"a":0,"k":[100,100,100],"ix":6,"l":2}},"ao":0,"shapes":[{"ty":"gr","it":[{"ty":"rc","d":1,"s":{"a":0,"k":[41.188,12.467],"ix":2},"p":{"a":0,"k":[0,0],"ix":3},"r":{"a":0,"k":0,"ix":4},"nm":"Rectangle Path 1","mn":"ADBE Vector Shape - Rect","hd":false},{"ty":"tr","p":{"a":0,"k":[0,0],"ix":2},"a":{"a":0,"k":[0,0],"ix":1},"s":{"a":0,"k":[100,100],"ix":3},"r":{"a":0,"k":0,"ix":6},"o":{"a":0,"k":100,"ix":7},"sk":{"a":0,"k":0,"ix":4},"sa":{"a":0,"k":0,"ix":5},"nm":"Transform"}],"nm":"h1-f","np":1,"cix":2,"bm":0,"ix":1,"mn":"ADBE Vector Group","hd":false}],"ip":0,"op":300,"st":0,"bm":0}]},{"id":"comp_2","nm":"h1-f 3","fr":60,"layers":[{"ddd":0,"ind":1,"ty":3,"nm":"▽ h1","sr":1,"ks":{"o":{"a":0,"k":100,"ix":11},"r":{"a":0,"k":0,"ix":10},"p":{"a":0,"k":[20.591,6.231,0],"ix":2,"l":2},"a":{"a":0,"k":[20.591,6.231,0],"ix":1,"l":2},"s":{"a":0,"k":[100,100,100],"ix":6,"l":2}},"ao":0,"ip":0,"op":300,"st":0,"bm":0},{"ddd":0,"ind":2,"ty":4,"nm":"Vector","parent":1,"sr":1,"ks":{"o":{"a":0,"k":30,"ix":11},"r":{"a":0,"k":0,"ix":10},"p":{"a":0,"k":[12.531,10.414,0],"ix":2,"l":2},"a":{"a":0,"k":[0,0,0],"ix":1,"l":2},"s":{"a":0,"k":[100,100,100],"ix":6,"l":2}},"ao":0,"shapes":[{"ty":"gr","it":[{"ind":0,"ty":"sh","ix":1,"ks":{"a":0,"k":{"i":[[0.552,-0.009],[0,0],[0.243,0.103],[0.181,0.192],[0.088,0.249],[-0.019,0.263],[-0.402,0.379],[-0.552,0.01],[0,0],[-0.243,-0.104],[-0.18,-0.193],[-0.088,-0.249],[0.019,-0.263],[0.402,-0.378]],"o":[[0,0],[-0.264,0.003],[-0.243,-0.103],[-0.181,-0.192],[-0.088,-0.249],[0.042,-0.551],[0.402,-0.379],[0,0],[0.264,-0.002],[0.243,0.104],[0.18,0.193],[0.088,0.249],[-0.042,0.55],[-0.402,0.378]],"v":[[3.806,2.047],[-4.058,2.047],[-4.826,1.895],[-5.468,1.447],[-5.875,0.779],[-5.979,0.003],[-5.289,-1.442],[-3.806,-2.047],[4.058,-2.047],[4.826,-1.893],[5.468,-1.443],[5.875,-0.774],[5.979,0.003],[5.288,1.446]],"c":true},"ix":2},"nm":"Path 1","mn":"ADBE Vector Shape - Group","hd":false},{"ty":"fl","c":{"a":0,"k":[0.9686274509803922,0.7098039215686275,0,1],"ix":4},"o":{"a":0,"k":100,"ix":5},"r":1,"bm":0,"nm":"Fill 1","mn":"ADBE Vector Graphic - Fill","hd":false},{"ty":"tr","p":{"a":0,"k":[0,0],"ix":2},"a":{"a":0,"k":[0,0],"ix":1},"s":{"a":0,"k":[100,100],"ix":3},"r":{"a":0,"k":0,"ix":6},"o":{"a":0,"k":100,"ix":7},"sk":{"a":0,"k":0,"ix":4},"sa":{"a":0,"k":0,"ix":5},"nm":"Transform"}],"nm":"Vector","np":2,"cix":2,"bm":0,"ix":1,"mn":"ADBE Vector Group","hd":false}],"ip":0,"op":300,"st":0,"bm":0},{"ddd":0,"ind":3,"ty":4,"nm":"Vector","parent":1,"sr":1,"ks":{"o":{"a":0,"k":30,"ix":11},"r":{"a":0,"k":0,"ix":10},"p":{"a":0,"k":[31.164,10.414,0],"ix":2,"l":2},"a":{"a":0,"k":[0,0,0],"ix":1,"l":2},"s":{"a":0,"k":[100,100,100],"ix":6,"l":2}},"ao":0,"shapes":[{"ty":"gr","it":[{"ind":0,"ty":"sh","ix":1,"ks":{"a":0,"k":{"i":[[0.552,-0.009],[0,0],[0,0],[0.241,0.104],[0.179,0.192],[0.087,0.247],[-0.019,0.261],[-0.402,0.379],[-0.552,0.01],[0,0],[-0.243,-0.104],[-0.18,-0.193],[-0.088,-0.249],[0.019,-0.263],[0.402,-0.378]],"o":[[0,0],[0,0],[-0.262,0.001],[-0.241,-0.104],[-0.179,-0.192],[-0.087,-0.247],[0.042,-0.551],[0.402,-0.379],[0,0],[0.264,-0.002],[0.243,0.104],[0.18,0.193],[0.088,0.249],[-0.042,0.55],[-0.402,0.378]],"v":[[7.32,2.047],[-7.589,2.047],[-7.589,2.047],[-8.351,1.89],[-8.987,1.44],[-9.39,0.774],[-9.492,0.003],[-8.802,-1.442],[-7.32,-2.047],[7.572,-2.047],[8.34,-1.893],[8.981,-1.443],[9.388,-0.774],[9.492,0.003],[8.802,1.446]],"c":true},"ix":2},"nm":"Path 1","mn":"ADBE Vector Shape - Group","hd":false},{"ty":"fl","c":{"a":0,"k":[0.9686274509803922,0.7098039215686275,0,1],"ix":4},"o":{"a":0,"k":100,"ix":5},"r":1,"bm":0,"nm":"Fill 1","mn":"ADBE Vector Graphic - Fill","hd":false},{"ty":"tr","p":{"a":0,"k":[0,0],"ix":2},"a":{"a":0,"k":[0,0],"ix":1},"s":{"a":0,"k":[100,100],"ix":3},"r":{"a":0,"k":0,"ix":6},"o":{"a":0,"k":100,"ix":7},"sk":{"a":0,"k":0,"ix":4},"sa":{"a":0,"k":0,"ix":5},"nm":"Transform"}],"nm":"Vector","np":2,"cix":2,"bm":0,"ix":1,"mn":"ADBE Vector Group","hd":false}],"ip":0,"op":300,"st":0,"bm":0},{"ddd":0,"ind":4,"ty":4,"nm":"Vector","parent":1,"sr":1,"ks":{"o":{"a":0,"k":30,"ix":11},"r":{"a":0,"k":0,"ix":10},"p":{"a":0,"k":[20.591,2.044,0],"ix":2,"l":2},"a":{"a":0,"k":[0,0,0],"ix":1,"l":2},"s":{"a":0,"k":[100,100,100],"ix":6,"l":2}},"ao":0,"shapes":[{"ty":"gr","it":[{"ind":0,"ty":"sh","ix":1,"ks":{"a":0,"k":{"i":[[0.552,-0.009],[0,0],[0,0],[0.245,0.102],[0.182,0.192],[0.089,0.25],[-0.02,0.264],[-0.402,0.378],[-0.552,0.009],[0,0],[-0.243,-0.103],[-0.181,-0.192],[-0.088,-0.249],[0.019,-0.263],[0.402,-0.378]],"o":[[0,0],[0,0],[-0.265,0.006],[-0.245,-0.102],[-0.182,-0.192],[-0.089,-0.25],[0.042,-0.55],[0.402,-0.378],[0,0],[0.264,-0.003],[0.243,0.103],[0.181,0.192],[0.088,0.249],[-0.042,0.55],[-0.402,0.378]],"v":[[18.414,2.044],[-18.648,2.044],[-18.648,2.044],[-19.421,1.897],[-20.069,1.45],[-20.481,0.78],[-20.586,0],[-19.896,-1.443],[-18.414,-2.044],[18.665,-2.044],[19.433,-1.892],[20.075,-1.444],[20.482,-0.776],[20.586,0],[19.896,1.443]],"c":true},"ix":2},"nm":"Path 1","mn":"ADBE Vector Shape - Group","hd":false},{"ty":"fl","c":{"a":0,"k":[0.9686274509803922,0.7098039215686275,0,1],"ix":4},"o":{"a":0,"k":100,"ix":5},"r":1,"bm":0,"nm":"Fill 1","mn":"ADBE Vector Graphic - Fill","hd":false},{"ty":"tr","p":{"a":0,"k":[0,0],"ix":2},"a":{"a":0,"k":[0,0],"ix":1},"s":{"a":0,"k":[100,100],"ix":3},"r":{"a":0,"k":0,"ix":6},"o":{"a":0,"k":100,"ix":7},"sk":{"a":0,"k":0,"ix":4},"sa":{"a":0,"k":0,"ix":5},"nm":"Transform"}],"nm":"Vector","np":2,"cix":2,"bm":0,"ix":1,"mn":"ADBE Vector Group","hd":false}],"ip":0,"op":300,"st":0,"bm":0},{"ddd":0,"ind":5,"ty":4,"nm":"h1-f","sr":1,"ks":{"o":{"a":0,"k":100,"ix":11},"r":{"a":0,"k":0,"ix":10},"p":{"a":0,"k":[20.591,6.231,0],"ix":2,"l":2},"a":{"a":0,"k":[0,0,0],"ix":1,"l":2},"s":{"a":0,"k":[100,100,100],"ix":6,"l":2}},"ao":0,"shapes":[{"ty":"gr","it":[{"ty":"rc","d":1,"s":{"a":0,"k":[41.183,12.461],"ix":2},"p":{"a":0,"k":[0,0],"ix":3},"r":{"a":0,"k":0,"ix":4},"nm":"Rectangle Path 1","mn":"ADBE Vector Shape - Rect","hd":false},{"ty":"tr","p":{"a":0,"k":[0,0],"ix":2},"a":{"a":0,"k":[0,0],"ix":1},"s":{"a":0,"k":[100,100],"ix":3},"r":{"a":0,"k":0,"ix":6},"o":{"a":0,"k":100,"ix":7},"sk":{"a":0,"k":0,"ix":4},"sa":{"a":0,"k":0,"ix":5},"nm":"Transform"}],"nm":"h1-f","np":1,"cix":2,"bm":0,"ix":1,"mn":"ADBE Vector Group","hd":false}],"ip":0,"op":300,"st":0,"bm":0}]},{"id":"comp_3","nm":"h1-f 2","fr":60,"layers":[{"ddd":0,"ind":1,"ty":3,"nm":"▽ h1","sr":1,"ks":{"o":{"a":0,"k":100,"ix":11},"r":{"a":0,"k":0,"ix":10},"p":{"a":0,"k":[20.852,6.231,0],"ix":2,"l":2},"a":{"a":0,"k":[20.852,6.231,0],"ix":1,"l":2},"s":{"a":0,"k":[100,100,100],"ix":6,"l":2}},"ao":0,"ip":0,"op":300,"st":0,"bm":0},{"ddd":0,"ind":2,"ty":4,"nm":"Vector","parent":1,"sr":1,"ks":{"o":{"a":0,"k":30,"ix":11},"r":{"a":0,"k":0,"ix":10},"p":{"a":0,"k":[24.634,2.047,0],"ix":2,"l":2},"a":{"a":0,"k":[0,0,0],"ix":1,"l":2},"s":{"a":0,"k":[100,100,100],"ix":6,"l":2}},"ao":0,"shapes":[{"ty":"gr","it":[{"ind":0,"ty":"sh","ix":1,"ks":{"a":0,"k":{"i":[[0.264,-0.003],[0,0],[0,0],[0.402,-0.378],[0.042,-0.55],[-0.088,-0.249],[-0.181,-0.193],[-0.243,-0.104],[-0.264,0.003],[0,0],[-0.402,0.379],[-0.041,0.551],[0.088,0.249],[0.181,0.192],[0.243,0.103]],"o":[[0,0],[0,0],[-0.552,0.009],[-0.402,0.378],[-0.02,0.263],[0.088,0.249],[0.181,0.193],[0.243,0.104],[0,0],[0.553,-0.009],[0.402,-0.379],[0.019,-0.263],[-0.088,-0.249],[-0.181,-0.192],[-0.243,-0.103]],"v":[[15.143,-2.047],[-14.891,-2.047],[-14.891,-2.047],[-16.373,-1.446],[-17.064,-0.003],[-16.962,0.775],[-16.555,1.445],[-15.912,1.894],[-15.143,2.047],[14.891,2.047],[16.376,1.443],[17.064,-0.003],[16.96,-0.779],[16.553,-1.447],[15.911,-1.895]],"c":true},"ix":2},"nm":"Path 1","mn":"ADBE Vector Shape - Group","hd":false},{"ty":"fl","c":{"a":0,"k":[0.9686274509803922,0.7098039215686275,0,1],"ix":4},"o":{"a":0,"k":100,"ix":5},"r":1,"bm":0,"nm":"Fill 1","mn":"ADBE Vector Graphic - Fill","hd":false},{"ty":"tr","p":{"a":0,"k":[0,0],"ix":2},"a":{"a":0,"k":[0,0],"ix":1},"s":{"a":0,"k":[100,100],"ix":3},"r":{"a":0,"k":0,"ix":6},"o":{"a":0,"k":100,"ix":7},"sk":{"a":0,"k":0,"ix":4},"sa":{"a":0,"k":0,"ix":5},"nm":"Transform"}],"nm":"Vector","np":2,"cix":2,"bm":0,"ix":1,"mn":"ADBE Vector Group","hd":false}],"ip":0,"op":300,"st":0,"bm":0},{"ddd":0,"ind":3,"ty":4,"nm":"Vector","parent":1,"sr":1,"ks":{"o":{"a":0,"k":30,"ix":11},"r":{"a":0,"k":0,"ix":10},"p":{"a":0,"k":[20.58,10.418,0],"ix":2,"l":2},"a":{"a":0,"k":[0,0,0],"ix":1,"l":2},"s":{"a":0,"k":[100,100,100],"ix":6,"l":2}},"ao":0,"shapes":[{"ty":"gr","it":[{"ind":0,"ty":"sh","ix":1,"ks":{"a":0,"k":{"i":[[0.263,-0.002],[0,0],[0,0],[0.402,-0.378],[0.042,-0.55],[-0.088,-0.248],[-0.18,-0.192],[-0.242,-0.104],[-0.263,0.002],[0,0],[-0.402,0.378],[-0.042,0.55],[0.088,0.248],[0.18,0.192],[0.242,0.104]],"o":[[0,0],[0,0],[-0.552,0.009],[-0.402,0.378],[-0.019,0.262],[0.088,0.248],[0.18,0.192],[0.242,0.104],[0,0],[0.552,-0.009],[0.402,-0.378],[0.019,-0.262],[-0.088,-0.248],[-0.18,-0.192],[-0.242,-0.104]],"v":[[18.659,-2.044],[-18.402,-2.044],[-18.402,-2.044],[-19.884,-1.443],[-20.574,0],[-20.471,0.774],[-20.065,1.442],[-19.425,1.89],[-18.659,2.044],[18.402,2.044],[19.884,1.443],[20.574,0],[20.471,-0.774],[20.065,-1.442],[19.425,-1.89]],"c":true},"ix":2},"nm":"Path 1","mn":"ADBE Vector Shape - Group","hd":false},{"ty":"fl","c":{"a":0,"k":[0.9686274509803922,0.7098039215686275,0,1],"ix":4},"o":{"a":0,"k":100,"ix":5},"r":1,"bm":0,"nm":"Fill 1","mn":"ADBE Vector Graphic - Fill","hd":false},{"ty":"tr","p":{"a":0,"k":[0,0],"ix":2},"a":{"a":0,"k":[0,0],"ix":1},"s":{"a":0,"k":[100,100],"ix":3},"r":{"a":0,"k":0,"ix":6},"o":{"a":0,"k":100,"ix":7},"sk":{"a":0,"k":0,"ix":4},"sa":{"a":0,"k":0,"ix":5},"nm":"Transform"}],"nm":"Vector","np":2,"cix":2,"bm":0,"ix":1,"mn":"ADBE Vector Group","hd":false}],"ip":0,"op":300,"st":0,"bm":0},{"ddd":0,"ind":4,"ty":4,"nm":"h1-f","sr":1,"ks":{"o":{"a":0,"k":100,"ix":11},"r":{"a":0,"k":0,"ix":10},"p":{"a":0,"k":[20.852,6.231,0],"ix":2,"l":2},"a":{"a":0,"k":[0,0,0],"ix":1,"l":2},"s":{"a":0,"k":[100,100,100],"ix":6,"l":2}},"ao":0,"shapes":[{"ty":"gr","it":[{"ty":"rc","d":1,"s":{"a":0,"k":[41.703,12.462],"ix":2},"p":{"a":0,"k":[0,0],"ix":3},"r":{"a":0,"k":0,"ix":4},"nm":"Rectangle Path 1","mn":"ADBE Vector Shape - Rect","hd":false},{"ty":"tr","p":{"a":0,"k":[0,0],"ix":2},"a":{"a":0,"k":[0,0],"ix":1},"s":{"a":0,"k":[100,100],"ix":3},"r":{"a":0,"k":0,"ix":6},"o":{"a":0,"k":100,"ix":7},"sk":{"a":0,"k":0,"ix":4},"sa":{"a":0,"k":0,"ix":5},"nm":"Transform"}],"nm":"h1-f","np":1,"cix":2,"bm":0,"ix":1,"mn":"ADBE Vector Group","hd":false}],"ip":0,"op":300,"st":0,"bm":0}]},{"id":"comp_4","nm":"h1-f","fr":60,"layers":[{"ddd":0,"ind":1,"ty":3,"nm":"▽ h1","sr":1,"ks":{"o":{"a":0,"k":100,"ix":11},"r":{"a":0,"k":0,"ix":10},"p":{"a":0,"k":[20.58,6.231,0],"ix":2,"l":2},"a":{"a":0,"k":[20.58,6.231,0],"ix":1,"l":2},"s":{"a":0,"k":[100,100,100],"ix":6,"l":2}},"ao":0,"ip":0,"op":300,"st":0,"bm":0},{"ddd":0,"ind":2,"ty":4,"nm":"Vector","parent":1,"sr":1,"ks":{"o":{"a":0,"k":30,"ix":11},"r":{"a":0,"k":0,"ix":10},"p":{"a":0,"k":[23.572,10.415,0],"ix":2,"l":2},"a":{"a":0,"k":[0,0,0],"ix":1,"l":2},"s":{"a":0,"k":[100,100,100],"ix":6,"l":2}},"ao":0,"shapes":[{"ty":"gr","it":[{"ind":0,"ty":"sh","ix":1,"ks":{"a":0,"k":{"i":[[0.552,-0.009],[0,0],[0,0],[0.241,0.104],[0.179,0.192],[0.087,0.247],[-0.019,0.261],[-0.402,0.379],[-0.553,0.009],[0,0],[-0.242,-0.104],[-0.18,-0.193],[-0.087,-0.249],[0.02,-0.263],[0.402,-0.378]],"o":[[0,0],[0,0],[-0.262,0.001],[-0.241,-0.104],[-0.179,-0.192],[-0.087,-0.247],[0.041,-0.551],[0.402,-0.379],[0,0],[0.264,-0.002],[0.242,0.104],[0.18,0.193],[0.087,0.249],[-0.042,0.55],[-0.402,0.378]],"v":[[14.871,2.047],[-15.14,2.047],[-15.14,2.047],[-15.903,1.89],[-16.538,1.44],[-16.941,0.774],[-17.044,0.003],[-16.355,-1.443],[-14.871,-2.047],[15.128,-2.047],[15.896,-1.893],[16.536,-1.443],[16.942,-0.773],[17.043,0.003],[16.353,1.446]],"c":true},"ix":2},"nm":"Path 1","mn":"ADBE Vector Shape - Group","hd":false},{"ty":"fl","c":{"a":0,"k":[0.9686274509803922,0.7098039215686275,0,1],"ix":4},"o":{"a":0,"k":100,"ix":5},"r":1,"bm":0,"nm":"Fill 1","mn":"ADBE Vector Graphic - Fill","hd":false},{"ty":"tr","p":{"a":0,"k":[0,0],"ix":2},"a":{"a":0,"k":[0,0],"ix":1},"s":{"a":0,"k":[100,100],"ix":3},"r":{"a":0,"k":0,"ix":6},"o":{"a":0,"k":100,"ix":7},"sk":{"a":0,"k":0,"ix":4},"sa":{"a":0,"k":0,"ix":5},"nm":"Transform"}],"nm":"Vector","np":2,"cix":2,"bm":0,"ix":1,"mn":"ADBE Vector Group","hd":false}],"ip":0,"op":300,"st":0,"bm":0},{"ddd":0,"ind":3,"ty":4,"nm":"Vector","parent":1,"sr":1,"ks":{"o":{"a":0,"k":30,"ix":11},"r":{"a":0,"k":0,"ix":10},"p":{"a":0,"k":[20.58,2.044,0],"ix":2,"l":2},"a":{"a":0,"k":[0,0,0],"ix":1,"l":2},"s":{"a":0,"k":[100,100,100],"ix":6,"l":2}},"ao":0,"shapes":[{"ty":"gr","it":[{"ind":0,"ty":"sh","ix":1,"ks":{"a":0,"k":{"i":[[0.552,-0.009],[0,0],[0,0],[0.242,0.104],[0.18,0.192],[0.088,0.248],[-0.019,0.262],[-0.402,0.379],[-0.552,0.006],[0,0],[-0.243,-0.103],[-0.181,-0.192],[-0.088,-0.249],[0.019,-0.263],[0.402,-0.378]],"o":[[0,0],[0,0],[-0.263,0.002],[-0.242,-0.104],[-0.18,-0.192],[-0.088,-0.248],[0.04,-0.551],[0.402,-0.379],[0,0],[0.264,-0.003],[0.243,0.103],[0.181,0.192],[0.088,0.249],[-0.042,0.55],[-0.402,0.378]],"v":[[18.402,2.044],[-18.659,2.044],[-18.659,2.044],[-19.425,1.89],[-20.065,1.442],[-20.471,0.774],[-20.574,0],[-19.887,-1.446],[-18.402,-2.044],[18.654,-2.044],[19.421,-1.892],[20.063,-1.444],[20.47,-0.776],[20.574,0],[19.884,1.443]],"c":true},"ix":2},"nm":"Path 1","mn":"ADBE Vector Shape - Group","hd":false},{"ty":"fl","c":{"a":0,"k":[0.9686274509803922,0.7098039215686275,0,1],"ix":4},"o":{"a":0,"k":100,"ix":5},"r":1,"bm":0,"nm":"Fill 1","mn":"ADBE Vector Graphic - Fill","hd":false},{"ty":"tr","p":{"a":0,"k":[0,0],"ix":2},"a":{"a":0,"k":[0,0],"ix":1},"s":{"a":0,"k":[100,100],"ix":3},"r":{"a":0,"k":0,"ix":6},"o":{"a":0,"k":100,"ix":7},"sk":{"a":0,"k":0,"ix":4},"sa":{"a":0,"k":0,"ix":5},"nm":"Transform"}],"nm":"Vector","np":2,"cix":2,"bm":0,"ix":1,"mn":"ADBE Vector Group","hd":false}],"ip":0,"op":300,"st":0,"bm":0},{"ddd":0,"ind":4,"ty":4,"nm":"h1-f","sr":1,"ks":{"o":{"a":0,"k":100,"ix":11},"r":{"a":0,"k":0,"ix":10},"p":{"a":0,"k":[20.58,6.231,0],"ix":2,"l":2},"a":{"a":0,"k":[0,0,0],"ix":1,"l":2},"s":{"a":0,"k":[100,100,100],"ix":6,"l":2}},"ao":0,"shapes":[{"ty":"gr","it":[{"ty":"rc","d":1,"s":{"a":0,"k":[41.159,12.461],"ix":2},"p":{"a":0,"k":[0,0],"ix":3},"r":{"a":0,"k":0,"ix":4},"nm":"Rectangle Path 1","mn":"ADBE Vector Shape - Rect","hd":false},{"ty":"tr","p":{"a":0,"k":[0,0],"ix":2},"a":{"a":0,"k":[0,0],"ix":1},"s":{"a":0,"k":[100,100],"ix":3},"r":{"a":0,"k":0,"ix":6},"o":{"a":0,"k":100,"ix":7},"sk":{"a":0,"k":0,"ix":4},"sa":{"a":0,"k":0,"ix":5},"nm":"Transform"}],"nm":"h1-f","np":1,"cix":2,"bm":0,"ix":1,"mn":"ADBE Vector Group","hd":false}],"ip":0,"op":300,"st":0,"bm":0}]},{"id":"comp_5","nm":"white-bd","fr":60,"layers":[{"ddd":0,"ind":1,"ty":3,"nm":"▽ white-board","sr":1,"ks":{"o":{"a":0,"k":100,"ix":11},"r":{"a":0,"k":0,"ix":10},"p":{"a":0,"k":[52.102,62.083,0],"ix":2,"l":2},"a":{"a":0,"k":[52.102,62.083,0],"ix":1,"l":2},"s":{"a":0,"k":[100,100,100],"ix":6,"l":2}},"ao":0,"ip":0,"op":300,"st":0,"bm":0},{"ddd":0,"ind":2,"ty":4,"nm":"Vector","parent":1,"sr":1,"ks":{"o":{"a":0,"k":100,"ix":11},"r":{"a":0,"k":0,"ix":10},"p":{"a":0,"k":[51.311,60.9,0],"ix":2,"l":2},"a":{"a":0,"k":[0,0,0],"ix":1,"l":2},"s":{"a":0,"k":[100,100,100],"ix":6,"l":2}},"ao":0,"shapes":[{"ty":"gr","it":[{"ind":0,"ty":"sh","ix":1,"ks":{"a":0,"k":{"i":[[5.235,-47.965],[0,0],[-0.714,47.941],[0,0]],"o":[[0,0],[5.241,-47.965],[0,0],[-0.714,47.941]],"v":[[43.752,60.9],[-51.311,60.9],[-43.752,-60.9],[51.311,-60.9]],"c":true},"ix":2},"nm":"Path 1","mn":"ADBE Vector Shape - Group","hd":false},{"ty":"fl","c":{"a":0,"k":[1,1,1,1],"ix":4},"o":{"a":0,"k":100,"ix":5},"r":1,"bm":0,"nm":"Fill 1","mn":"ADBE Vector Graphic - Fill","hd":false},{"ty":"tr","p":{"a":0,"k":[0,0],"ix":2},"a":{"a":0,"k":[0,0],"ix":1},"s":{"a":0,"k":[100,100],"ix":3},"r":{"a":0,"k":0,"ix":6},"o":{"a":0,"k":100,"ix":7},"sk":{"a":0,"k":0,"ix":4},"sa":{"a":0,"k":0,"ix":5},"nm":"Transform"}],"nm":"Vector","np":2,"cix":2,"bm":0,"ix":1,"mn":"ADBE Vector Group","hd":false}],"ip":0,"op":300,"st":0,"bm":0},{"ddd":0,"ind":3,"ty":4,"nm":"Vector","parent":1,"sr":1,"ks":{"o":{"a":0,"k":40,"ix":11},"r":{"a":0,"k":0,"ix":10},"p":{"a":0,"k":[53.472,62.821,0],"ix":2,"l":2},"a":{"a":0,"k":[0,0,0],"ix":1,"l":2},"s":{"a":0,"k":[100,100,100],"ix":6,"l":2}},"ao":0,"shapes":[{"ty":"gr","it":[{"ind":0,"ty":"sh","ix":1,"ks":{"a":0,"k":{"i":[[0,0],[0,0],[0,0],[0,0]],"o":[[0,0],[0,0],[0,0],[0,0]],"v":[[43.119,61.345],[-50.732,60.221],[-43.189,-61.345],[50.732,-61.345]],"c":true},"ix":2},"nm":"Path 1","mn":"ADBE Vector Shape - Group","hd":false},{"ty":"fl","c":{"a":0,"k":[0,0,0,1],"ix":4},"o":{"a":0,"k":100,"ix":5},"r":1,"bm":0,"nm":"Fill 1","mn":"ADBE Vector Graphic - Fill","hd":false},{"ty":"tr","p":{"a":0,"k":[0,0],"ix":2},"a":{"a":0,"k":[0,0],"ix":1},"s":{"a":0,"k":[100,100],"ix":3},"r":{"a":0,"k":0,"ix":6},"o":{"a":0,"k":100,"ix":7},"sk":{"a":0,"k":0,"ix":4},"sa":{"a":0,"k":0,"ix":5},"nm":"Transform"}],"nm":"Vector","np":2,"cix":2,"bm":0,"ix":1,"mn":"ADBE Vector Group","hd":false}],"ip":0,"op":300,"st":0,"bm":0},{"ddd":0,"ind":4,"ty":4,"nm":"white-bd","sr":1,"ks":{"o":{"a":0,"k":100,"ix":11},"r":{"a":0,"k":0,"ix":10},"p":{"a":0,"k":[52.102,62.083,0],"ix":2,"l":2},"a":{"a":0,"k":[0,0,0],"ix":1,"l":2},"s":{"a":0,"k":[100,100,100],"ix":6,"l":2}},"ao":0,"shapes":[{"ty":"gr","it":[{"ty":"rc","d":1,"s":{"a":0,"k":[104.204,124.166],"ix":2},"p":{"a":0,"k":[0,0],"ix":3},"r":{"a":0,"k":0,"ix":4},"nm":"Rectangle Path 1","mn":"ADBE Vector Shape - Rect","hd":false},{"ty":"tr","p":{"a":0,"k":[0,0],"ix":2},"a":{"a":0,"k":[0,0],"ix":1},"s":{"a":0,"k":[100,100],"ix":3},"r":{"a":0,"k":0,"ix":6},"o":{"a":0,"k":100,"ix":7},"sk":{"a":0,"k":0,"ix":4},"sa":{"a":0,"k":0,"ix":5},"nm":"Transform"}],"nm":"white-bd","np":1,"cix":2,"bm":0,"ix":1,"mn":"ADBE Vector Group","hd":false}],"ip":0,"op":300,"st":0,"bm":0}]},{"id":"comp_6","nm":"blue-bd","fr":60,"layers":[{"ddd":0,"ind":1,"ty":3,"nm":"▽ blue-board","sr":1,"ks":{"o":{"a":0,"k":100,"ix":11},"r":{"a":0,"k":0,"ix":10},"p":{"a":0,"k":[57,67.078,0],"ix":2,"l":2},"a":{"a":0,"k":[57,67.078,0],"ix":1,"l":2},"s":{"a":0,"k":[100,100,100],"ix":6,"l":2}},"ao":0,"ip":0,"op":300,"st":0,"bm":0},{"ddd":0,"ind":2,"ty":4,"nm":"Vector","parent":1,"sr":1,"ks":{"o":{"a":0,"k":100,"ix":11},"r":{"a":0,"k":0,"ix":10},"p":{"a":0,"k":[55.893,67.078,0],"ix":2,"l":2},"a":{"a":0,"k":[0,0,0],"ix":1,"l":2},"s":{"a":0,"k":[100,100,100],"ix":6,"l":2}},"ao":0,"shapes":[{"ty":"gr","it":[{"ind":0,"ty":"sh","ix":1,"ks":{"a":0,"k":{"i":[[0.482,-0.006],[0,0],[0,0],[0.737,-0.691],[0.077,-1.007],[0,0],[-0.163,-0.453],[-0.329,-0.351],[-0.442,-0.191],[-0.481,0.001],[0,0],[-0.736,0.692],[-0.076,1.008],[0,0],[0.161,0.455],[0.33,0.351],[0.444,0.189]],"o":[[0,0],[0,0],[-1.01,0.013],[-0.737,0.691],[0,0],[-0.031,0.48],[0.163,0.453],[0.329,0.351],[0.442,0.191],[0,0],[1.01,-0.015],[0.736,-0.692],[0,0],[0.036,-0.481],[-0.161,-0.455],[-0.33,-0.351],[-0.444,-0.189]],"v":[[52.37,-67.078],[-44.045,-67.078],[-44.045,-67.078],[-46.762,-65.983],[-48.027,-63.342],[-55.886,63.336],[-55.687,64.751],[-54.941,65.97],[-53.772,66.791],[-52.372,67.078],[44.043,67.078],[46.758,65.979],[48.019,63.336],[55.884,-63.342],[55.694,-64.761],[54.949,-65.983],[53.775,-66.801]],"c":true},"ix":2},"nm":"Path 1","mn":"ADBE Vector Shape - Group","hd":false},{"ty":"fl","c":{"a":0,"k":[0.9686274509803922,0.7098039215686275,0,1],"ix":4},"o":{"a":0,"k":100,"ix":5},"r":1,"bm":0,"nm":"Fill 1","mn":"ADBE Vector Graphic - Fill","hd":false},{"ty":"tr","p":{"a":0,"k":[0,0],"ix":2},"a":{"a":0,"k":[0,0],"ix":1},"s":{"a":0,"k":[100,100],"ix":3},"r":{"a":0,"k":0,"ix":6},"o":{"a":0,"k":100,"ix":7},"sk":{"a":0,"k":0,"ix":4},"sa":{"a":0,"k":0,"ix":5},"nm":"Transform"}],"nm":"Vector","np":2,"cix":2,"bm":0,"ix":1,"mn":"ADBE Vector Group","hd":false}],"ip":0,"op":300,"st":0,"bm":0},{"ddd":0,"ind":3,"ty":4,"nm":"Vector","parent":1,"sr":1,"ks":{"o":{"a":0,"k":40,"ix":11},"r":{"a":0,"k":0,"ix":10},"p":{"a":0,"k":[58.107,67.078,0],"ix":2,"l":2},"a":{"a":0,"k":[0,0,0],"ix":1,"l":2},"s":{"a":0,"k":[100,100,100],"ix":6,"l":2}},"ao":0,"shapes":[{"ty":"gr","it":[{"ind":0,"ty":"sh","ix":1,"ks":{"a":0,"k":{"i":[[0.482,-0.006],[0,0],[0,0],[0.737,-0.691],[0.079,-1.007],[0,0],[-0.163,-0.453],[-0.329,-0.351],[-0.442,-0.191],[-0.481,0.001],[0,0],[-0.735,0.692],[-0.076,1.007],[0,0],[0.161,0.455],[0.33,0.351],[0.444,0.189]],"o":[[0,0],[0,0],[-1.01,0.014],[-0.737,0.691],[0,0],[-0.031,0.48],[0.163,0.453],[0.329,0.351],[0.442,0.191],[0,0],[1.009,-0.016],[0.735,-0.692],[0,0],[0.036,-0.481],[-0.161,-0.455],[-0.33,-0.351],[-0.444,-0.189]],"v":[[52.37,-67.078],[-44.045,-67.078],[-44.045,-67.078],[-46.76,-65.981],[-48.027,-63.342],[-55.886,63.336],[-55.687,64.751],[-54.941,65.97],[-53.772,66.791],[-52.372,67.078],[44.049,67.078],[46.76,65.977],[48.019,63.336],[55.884,-63.342],[55.694,-64.761],[54.949,-65.983],[53.775,-66.801]],"c":true},"ix":2},"nm":"Path 1","mn":"ADBE Vector Shape - Group","hd":false},{"ty":"fl","c":{"a":0,"k":[0,0,0,1],"ix":4},"o":{"a":0,"k":100,"ix":5},"r":1,"bm":0,"nm":"Fill 1","mn":"ADBE Vector Graphic - Fill","hd":false},{"ty":"tr","p":{"a":0,"k":[0,0],"ix":2},"a":{"a":0,"k":[0,0],"ix":1},"s":{"a":0,"k":[100,100],"ix":3},"r":{"a":0,"k":0,"ix":6},"o":{"a":0,"k":100,"ix":7},"sk":{"a":0,"k":0,"ix":4},"sa":{"a":0,"k":0,"ix":5},"nm":"Transform"}],"nm":"Vector","np":2,"cix":2,"bm":0,"ix":1,"mn":"ADBE Vector Group","hd":false}],"ip":0,"op":300,"st":0,"bm":0},{"ddd":0,"ind":4,"ty":4,"nm":"Vector","parent":1,"sr":1,"ks":{"o":{"a":0,"k":100,"ix":11},"r":{"a":0,"k":0,"ix":10},"p":{"a":0,"k":[58.107,67.078,0],"ix":2,"l":2},"a":{"a":0,"k":[0,0,0],"ix":1,"l":2},"s":{"a":0,"k":[100,100,100],"ix":6,"l":2}},"ao":0,"shapes":[{"ty":"gr","it":[{"ind":0,"ty":"sh","ix":1,"ks":{"a":0,"k":{"i":[[0.482,-0.006],[0,0],[0,0],[0.737,-0.691],[0.079,-1.007],[0,0],[-0.163,-0.453],[-0.329,-0.351],[-0.442,-0.191],[-0.481,0.001],[0,0],[-0.735,0.692],[-0.076,1.007],[0,0],[0.161,0.455],[0.33,0.351],[0.444,0.189]],"o":[[0,0],[0,0],[-1.01,0.014],[-0.737,0.691],[0,0],[-0.031,0.48],[0.163,0.453],[0.329,0.351],[0.442,0.191],[0,0],[1.009,-0.016],[0.735,-0.692],[0,0],[0.036,-0.481],[-0.161,-0.455],[-0.33,-0.351],[-0.444,-0.189]],"v":[[52.37,-67.078],[-44.045,-67.078],[-44.045,-67.078],[-46.76,-65.981],[-48.027,-63.342],[-55.886,63.336],[-55.687,64.751],[-54.941,65.97],[-53.772,66.791],[-52.372,67.078],[44.049,67.078],[46.76,65.977],[48.019,63.336],[55.884,-63.342],[55.694,-64.761],[54.949,-65.983],[53.775,-66.801]],"c":true},"ix":2},"nm":"Path 1","mn":"ADBE Vector Shape - Group","hd":false},{"ty":"fl","c":{"a":0,"k":[0.9686274509803922,0.7098039215686275,0,1],"ix":4},"o":{"a":0,"k":100,"ix":5},"r":1,"bm":0,"nm":"Fill 1","mn":"ADBE Vector Graphic - Fill","hd":false},{"ty":"tr","p":{"a":0,"k":[0,0],"ix":2},"a":{"a":0,"k":[0,0],"ix":1},"s":{"a":0,"k":[100,100],"ix":3},"r":{"a":0,"k":0,"ix":6},"o":{"a":0,"k":100,"ix":7},"sk":{"a":0,"k":0,"ix":4},"sa":{"a":0,"k":0,"ix":5},"nm":"Transform"}],"nm":"Vector","np":2,"cix":2,"bm":0,"ix":1,"mn":"ADBE Vector Group","hd":false}],"ip":0,"op":300,"st":0,"bm":0},{"ddd":0,"ind":5,"ty":4,"nm":"blue-bd","sr":1,"ks":{"o":{"a":0,"k":100,"ix":11},"r":{"a":0,"k":0,"ix":10},"p":{"a":0,"k":[57,67.078,0],"ix":2,"l":2},"a":{"a":0,"k":[0,0,0],"ix":1,"l":2},"s":{"a":0,"k":[100,100,100],"ix":6,"l":2}},"ao":0,"shapes":[{"ty":"gr","it":[{"ty":"rc","d":1,"s":{"a":0,"k":[114,134.156],"ix":2},"p":{"a":0,"k":[0,0],"ix":3},"r":{"a":0,"k":0,"ix":4},"nm":"Rectangle Path 1","mn":"ADBE Vector Shape - Rect","hd":false},{"ty":"tr","p":{"a":0,"k":[0,0],"ix":2},"a":{"a":0,"k":[0,0],"ix":1},"s":{"a":0,"k":[100,100],"ix":3},"r":{"a":0,"k":0,"ix":6},"o":{"a":0,"k":100,"ix":7},"sk":{"a":0,"k":0,"ix":4},"sa":{"a":0,"k":0,"ix":5},"nm":"Transform"}],"nm":"blue-bd","np":1,"cix":2,"bm":0,"ix":1,"mn":"ADBE Vector Group","hd":false}],"ip":0,"op":300,"st":0,"bm":0}]}],"layers":[{"ddd":0,"ind":1,"ty":3,"nm":"▽ freepik--to-do-list--inject-16","sr":1,"ks":{"o":{"a":0,"k":100,"ix":11},"r":{"a":0,"k":0,"ix":10},"p":{"a":0,"k":[100,123.042,0],"ix":2,"l":2},"a":{"a":0,"k":[57,70.042,0],"ix":1,"l":2},"s":{"a":1,"k":[{"i":{"x":[0.833,0.833,0.833],"y":[0.833,0.833,0.833]},"o":{"x":[0.167,0.167,0.167],"y":[0.167,0.167,0.167]},"t":0,"s":[100,100,100]},{"i":{"x":[0.833,0.833,0.833],"y":[0.833,0.833,0.833]},"o":{"x":[0.167,0.167,0.167],"y":[0.167,0.167,0.167]},"t":45,"s":[150,150,100]},{"t":105,"s":[100,100,100]}],"ix":6,"l":2}},"ao":0,"ip":0,"op":300,"st":0,"bm":0},{"ddd":0,"ind":2,"ty":0,"nm":"up-brd","parent":1,"refId":"comp_0","sr":1,"ks":{"o":{"a":0,"k":100,"ix":11},"r":{"a":0,"k":0,"ix":10},"p":{"a":0,"k":[58.638,6.703,0],"ix":2,"l":2},"a":{"a":0,"k":[19,6.5,0],"ix":1,"l":2},"s":{"a":0,"k":[100,100,100],"ix":6,"l":2}},"ao":0,"w":38,"h":13,"ip":0,"op":300,"st":0,"bm":0},{"ddd":0,"ind":3,"ty":4,"nm":"tick","parent":1,"sr":1,"ks":{"o":{"a":1,"k":[{"i":{"x":[0.833],"y":[0.833]},"o":{"x":[0.167],"y":[0.167]},"t":0,"s":[0]},{"i":{"x":[0.833],"y":[0.833]},"o":{"x":[0.167],"y":[0.167]},"t":10,"s":[0]},{"i":{"x":[0.833],"y":[0.833]},"o":{"x":[0.167],"y":[0.167]},"t":29,"s":[0]},{"i":{"x":[0.833],"y":[0.833]},"o":{"x":[0.167],"y":[0.167]},"t":45,"s":[0]},{"i":{"x":[0.833],"y":[0.833]},"o":{"x":[0.167],"y":[0.167]},"t":56,"s":[0]},{"t":62,"s":[100]}],"ix":11},"r":{"a":0,"k":0,"ix":10},"p":{"a":0,"k":[86.078,57.604,0],"ix":2,"l":2},"a":{"a":0,"k":[0,0,0],"ix":1,"l":2},"s":{"a":0,"k":[100,100,100],"ix":6,"l":2}},"ao":0,"shapes":[{"ty":"gr","it":[{"ind":0,"ty":"sh","ix":1,"ks":{"a":0,"k":{"i":[[0,0],[-0.313,0.001],[0,0],[-0.145,0.053],[-0.113,0.105],[-5.34,1.458],[-0.126,0.098],[-0.079,0.138],[-0.02,0.158],[0.042,0.154],[0.098,0.126],[0.138,0.079],[0.158,0.02],[0.154,-0.042],[2.313,-2.067],[0,0],[0.322,-0.007],[0.223,-0.233],[-0.007,-0.322],[-0.233,-0.223]],"o":[[0.228,0.215],[0,0],[0.154,0.006],[0.145,-0.053],[0.082,-0.076],[0.154,-0.042],[0.126,-0.098],[0.079,-0.138],[0.02,-0.158],[-0.042,-0.154],[-0.098,-0.126],[-0.138,-0.079],[-0.158,-0.02],[-4.895,1.335],[0,0],[-0.233,-0.223],[-0.322,0.007],[-0.223,0.233],[0.007,0.322],[0,0]],"v":[[-5.114,5.569],[-4.271,5.903],[-4.271,5.903],[-3.818,5.832],[-3.428,5.593],[10.082,-3.519],[10.506,-3.73],[10.816,-4.088],[10.967,-4.537],[10.934,-5.009],[10.722,-5.433],[10.365,-5.744],[9.916,-5.894],[9.443,-5.861],[-4.236,3.045],[-8.92,-1.458],[-9.788,-1.795],[-10.639,-1.42],[-10.976,-0.552],[-10.601,0.299]],"c":true},"ix":2},"nm":"Path 1","mn":"ADBE Vector Shape - Group","hd":false},{"ty":"fl","c":{"a":0,"k":[0.9686274509803922,0.7098039215686275,0,1],"ix":4},"o":{"a":0,"k":100,"ix":5},"r":1,"bm":0,"nm":"Fill 1","mn":"ADBE Vector Graphic - Fill","hd":false},{"ty":"tr","p":{"a":0,"k":[0,0],"ix":2},"a":{"a":0,"k":[0,0],"ix":1},"s":{"a":0,"k":[100,100],"ix":3},"r":{"a":0,"k":0,"ix":6},"o":{"a":0,"k":100,"ix":7},"sk":{"a":0,"k":0,"ix":4},"sa":{"a":0,"k":0,"ix":5},"nm":"Transform"}],"nm":"tick","np":2,"cix":2,"bm":0,"ix":1,"mn":"ADBE Vector Group","hd":false}],"ip":0,"op":300,"st":0,"bm":0},{"ddd":0,"ind":4,"ty":4,"nm":"tick","parent":1,"sr":1,"ks":{"o":{"a":1,"k":[{"i":{"x":[0.833],"y":[0.833]},"o":{"x":[0.167],"y":[0.167]},"t":0,"s":[0]},{"i":{"x":[0.833],"y":[0.833]},"o":{"x":[0.167],"y":[0.167]},"t":10,"s":[0]},{"i":{"x":[0.833],"y":[0.833]},"o":{"x":[0.167],"y":[0.167]},"t":45,"s":[0]},{"i":{"x":[0.833],"y":[0.833]},"o":{"x":[0.167],"y":[0.167]},"t":56,"s":[100]},{"t":74,"s":[100]}],"ix":11},"r":{"a":0,"k":0,"ix":10},"p":{"a":0,"k":[87.873,32.156,0],"ix":2,"l":2},"a":{"a":0,"k":[0,0,0],"ix":1,"l":2},"s":{"a":0,"k":[100,100,100],"ix":6,"l":2}},"ao":0,"shapes":[{"ty":"gr","it":[{"ind":0,"ty":"sh","ix":1,"ks":{"a":0,"k":{"i":[[0,0],[-0.243,0.002],[0,0],[-0.165,0.079],[-0.115,0.143],[-5.095,2.266],[-0.109,0.115],[-0.057,0.148],[0.004,0.159],[0.065,0.145],[0.115,0.109],[0.148,0.057],[0.159,-0.004],[0.145,-0.065],[1.968,-2.372],[0,0],[0.299,-0.067],[0.173,-0.253],[-0.046,-0.303],[-0.241,-0.19]],"o":[[0.199,0.139],[0,0],[0.183,0.001],[0.165,-0.079],[0.064,-0.088],[0.145,-0.065],[0.109,-0.115],[0.057,-0.148],[-0.004,-0.159],[-0.065,-0.145],[-0.115,-0.109],[-0.148,-0.057],[-0.159,0.004],[-4.667,2.102],[0,0],[-0.265,-0.155],[-0.299,0.067],[-0.173,0.253],[0.046,0.303],[0,0]],"v":[[-3.811,6.699],[-3.132,6.909],[-3.132,6.909],[-2.603,6.79],[-2.178,6.453],[9.862,-4.597],[10.247,-4.869],[10.498,-5.268],[10.578,-5.733],[10.474,-6.193],[10.202,-6.578],[9.803,-6.829],[9.338,-6.909],[8.878,-6.805],[-3.366,4.081],[-8.754,0.398],[-9.632,0.261],[-10.367,0.76],[-10.565,1.626],[-10.118,2.395]],"c":true},"ix":2},"nm":"Path 1","mn":"ADBE Vector Shape - Group","hd":false},{"ty":"fl","c":{"a":0,"k":[0.9686274509803922,0.7098039215686275,0,1],"ix":4},"o":{"a":0,"k":100,"ix":5},"r":1,"bm":0,"nm":"Fill 1","mn":"ADBE Vector Graphic - Fill","hd":false},{"ty":"tr","p":{"a":0,"k":[0,0],"ix":2},"a":{"a":0,"k":[0,0],"ix":1},"s":{"a":0,"k":[100,100],"ix":3},"r":{"a":0,"k":0,"ix":6},"o":{"a":0,"k":100,"ix":7},"sk":{"a":0,"k":0,"ix":4},"sa":{"a":0,"k":0,"ix":5},"nm":"Transform"}],"nm":"tick","np":2,"cix":2,"bm":0,"ix":1,"mn":"ADBE Vector Group","hd":false}],"ip":0,"op":300,"st":0,"bm":0},{"ddd":0,"ind":5,"ty":0,"nm":"h1-f 4","parent":1,"refId":"comp_1","sr":1,"ks":{"o":{"a":1,"k":[{"i":{"x":[0.833],"y":[0.833]},"o":{"x":[0.167],"y":[0.167]},"t":0,"s":[0]},{"i":{"x":[0.833],"y":[0.833]},"o":{"x":[0.167],"y":[0.167]},"t":10,"s":[0]},{"t":61,"s":[100]}],"ix":11},"r":{"a":0,"k":0,"ix":10},"p":{"a":1,"k":[{"i":{"x":0.833,"y":0.833},"o":{"x":0.167,"y":0.167},"t":10,"s":[-22.585,108.933,0],"to":[11.215,0,0],"ti":[-11.215,0,0]},{"t":22,"s":[44.708,108.933,0]}],"ix":2,"l":2},"a":{"a":0,"k":[20.5,6,0],"ix":1,"l":2},"s":{"a":0,"k":[100,100,100],"ix":6,"l":2}},"ao":0,"w":41,"h":12,"ip":0,"op":300,"st":0,"bm":0},{"ddd":0,"ind":6,"ty":0,"nm":"h1-f 3","parent":1,"refId":"comp_2","sr":1,"ks":{"o":{"a":1,"k":[{"i":{"x":[0.833],"y":[0.833]},"o":{"x":[0.167],"y":[0.167]},"t":0,"s":[0]},{"i":{"x":[0.833],"y":[0.833]},"o":{"x":[0.167],"y":[0.167]},"t":10,"s":[0]},{"t":54,"s":[100]}],"ix":11},"r":{"a":0,"k":0,"ix":10},"p":{"a":1,"k":[{"i":{"x":0.833,"y":0.833},"o":{"x":0.167,"y":0.167},"t":10,"s":[-22.585,84.008,0],"to":[11.215,0,0],"ti":[-11.215,0,0]},{"t":22,"s":[44.708,84.008,0]}],"ix":2,"l":2},"a":{"a":0,"k":[20.5,6,0],"ix":1,"l":2},"s":{"a":0,"k":[100,100,100],"ix":6,"l":2}},"ao":0,"w":41,"h":12,"ip":0,"op":300,"st":0,"bm":0},{"ddd":0,"ind":7,"ty":0,"nm":"h1-f 2","parent":1,"refId":"comp_3","sr":1,"ks":{"o":{"a":1,"k":[{"i":{"x":[0.833],"y":[0.833]},"o":{"x":[0.167],"y":[0.167]},"t":0,"s":[0]},{"i":{"x":[0.833],"y":[0.833]},"o":{"x":[0.167],"y":[0.167]},"t":10,"s":[0]},{"t":52,"s":[100]}],"ix":11},"r":{"a":0,"k":0,"ix":10},"p":{"a":1,"k":[{"i":{"x":0.833,"y":0.833},"o":{"x":0.167,"y":0.167},"t":10,"s":[-22.585,59.08,0],"to":[11.215,0,0],"ti":[-11.215,0,0]},{"t":22,"s":[44.708,59.08,0]}],"ix":2,"l":2},"a":{"a":0,"k":[21,6,0],"ix":1,"l":2},"s":{"a":0,"k":[100,100,100],"ix":6,"l":2}},"ao":0,"w":42,"h":12,"ip":0,"op":300,"st":0,"bm":0},{"ddd":0,"ind":8,"ty":0,"nm":"h1-f","parent":1,"refId":"comp_4","sr":1,"ks":{"o":{"a":1,"k":[{"i":{"x":[0.833],"y":[0.833]},"o":{"x":[0.167],"y":[0.167]},"t":0,"s":[0]},{"i":{"x":[0.833],"y":[0.833]},"o":{"x":[0.167],"y":[0.167]},"t":10,"s":[0]},{"t":48,"s":[100]}],"ix":11},"r":{"a":0,"k":0,"ix":10},"p":{"a":1,"k":[{"i":{"x":0.833,"y":0.833},"o":{"x":0.167,"y":0.167},"t":10,"s":[-11.293,34.158,0],"to":[9.333,0,0],"ti":[-9.333,0,0]},{"t":22,"s":[44.708,34.158,0]}],"ix":2,"l":2},"a":{"a":0,"k":[20.5,6,0],"ix":1,"l":2},"s":{"a":0,"k":[100,100,100],"ix":6,"l":2}},"ao":0,"w":41,"h":12,"ip":0,"op":300,"st":0,"bm":0},{"ddd":0,"ind":9,"ty":4,"nm":"squre","parent":1,"sr":1,"ks":{"o":{"a":1,"k":[{"i":{"x":[0.833],"y":[0.833]},"o":{"x":[0.167],"y":[0.167]},"t":0,"s":[0]},{"i":{"x":[0.833],"y":[0.833]},"o":{"x":[0.167],"y":[0.167]},"t":10,"s":[0]},{"t":48,"s":[40]}],"ix":11},"r":{"a":0,"k":0,"ix":10},"p":{"a":1,"k":[{"i":{"x":0.833,"y":0.833},"o":{"x":0.167,"y":0.167},"t":10,"s":[126.085,108.933,0],"to":[-6.667,0,0],"ti":[6.667,0,0]},{"t":21,"s":[86.085,108.933,0]}],"ix":2,"l":2},"a":{"a":0,"k":[0,0,0],"ix":1,"l":2},"s":{"a":0,"k":[100,100,100],"ix":6,"l":2}},"ao":0,"shapes":[{"ty":"gr","it":[{"ind":0,"ty":"sh","ix":1,"ks":{"a":0,"k":{"i":[[-0.165,-0.001],[0,0],[-0.224,0.211],[-0.019,0.307],[0,0],[0.056,0.155],[0.113,0.12],[0.151,0.066],[0.165,-0.002],[0,0],[0.224,-0.21],[0.021,-0.306],[0,0],[-0.055,-0.155],[-0.114,-0.119],[-0.152,-0.065]],"o":[[0,0],[0.308,-0.001],[0.224,-0.211],[0,0],[0.009,-0.165],[-0.056,-0.155],[-0.111,-0.122],[-0.151,-0.066],[0,0],[-0.307,0.001],[-0.224,0.21],[0,0],[-0.013,0.165],[0.055,0.155],[0.114,0.12],[0.152,0.065]],"v":[[-8.689,9.39],[7.672,9.39],[8.499,9.06],[8.878,8.254],[9.897,-8.107],[9.826,-8.592],[9.569,-9.009],[9.171,-9.293],[8.691,-9.39],[-7.676,-9.39],[-8.502,-9.062],[-8.882,-8.26],[-9.895,8.107],[-9.831,8.593],[-9.573,9.009],[-9.17,9.29]],"c":true},"ix":2},"nm":"Path 1","mn":"ADBE Vector Shape - Group","hd":false},{"ind":1,"ty":"sh","ix":2,"ks":{"a":0,"k":{"i":[[0,0],[0,0],[0,0],[0,0]],"o":[[0,0],[0,0],[0,0],[0,0]],"v":[[6.536,6.971],[-7.407,6.971],[-6.54,-6.977],[7.403,-6.977]],"c":true},"ix":2},"nm":"Path 2","mn":"ADBE Vector Shape - Group","hd":false},{"ty":"mm","mm":1,"nm":"Merge Paths 1","mn":"ADBE Vector Filter - Merge","hd":false},{"ty":"fl","c":{"a":0,"k":[0.9686274509803922,0.7098039215686275,0,1],"ix":4},"o":{"a":0,"k":100,"ix":5},"r":1,"bm":0,"nm":"Fill 1","mn":"ADBE Vector Graphic - Fill","hd":false},{"ty":"tr","p":{"a":0,"k":[0,0],"ix":2},"a":{"a":0,"k":[0,0],"ix":1},"s":{"a":0,"k":[100,100],"ix":3},"r":{"a":0,"k":0,"ix":6},"o":{"a":0,"k":100,"ix":7},"sk":{"a":0,"k":0,"ix":4},"sa":{"a":0,"k":0,"ix":5},"nm":"Transform"}],"nm":"squre","np":4,"cix":2,"bm":0,"ix":1,"mn":"ADBE Vector Group","hd":false}],"ip":0,"op":300,"st":0,"bm":0},{"ddd":0,"ind":10,"ty":4,"nm":"squre","parent":1,"sr":1,"ks":{"o":{"a":1,"k":[{"i":{"x":[0.833],"y":[0.833]},"o":{"x":[0.167],"y":[0.167]},"t":0,"s":[0]},{"i":{"x":[0.833],"y":[0.833]},"o":{"x":[0.167],"y":[0.167]},"t":10,"s":[0]},{"t":38,"s":[40]}],"ix":11},"r":{"a":0,"k":0,"ix":10},"p":{"a":1,"k":[{"i":{"x":0.833,"y":0.833},"o":{"x":0.167,"y":0.167},"t":10,"s":[126.085,84.005,0],"to":[-6.667,0,0],"ti":[6.667,0,0]},{"t":21,"s":[86.085,84.005,0]}],"ix":2,"l":2},"a":{"a":0,"k":[0,0,0],"ix":1,"l":2},"s":{"a":0,"k":[100,100,100],"ix":6,"l":2}},"ao":0,"shapes":[{"ty":"gr","it":[{"ind":0,"ty":"sh","ix":1,"ks":{"a":0,"k":{"i":[[-0.166,0.001],[0,0],[0,0],[-0.223,0.204],[-0.026,0.301],[0,0],[0.056,0.155],[0.112,0.121],[0.151,0.065],[0.165,0],[0,0],[0.224,-0.211],[0.019,-0.307],[0,0],[-0.055,-0.155],[-0.114,-0.119],[-0.152,-0.065]],"o":[[0,0],[0,0],[0.302,0.001],[0.223,-0.204],[0,0],[0.008,-0.165],[-0.056,-0.155],[-0.113,-0.12],[-0.151,-0.065],[0,0],[-0.308,0.001],[-0.224,0.211],[0,0],[-0.013,0.165],[0.055,0.155],[0.113,0.121],[0.152,0.065]],"v":[[-8.689,9.39],[7.672,9.39],[7.672,9.39],[8.49,9.074],[8.878,8.289],[9.897,-8.107],[9.824,-8.591],[9.569,-9.009],[9.169,-9.29],[8.691,-9.39],[-7.676,-9.39],[-8.503,-9.06],[-8.882,-8.254],[-9.895,8.107],[-9.831,8.593],[-9.573,9.009],[-9.171,9.291]],"c":true},"ix":2},"nm":"Path 1","mn":"ADBE Vector Shape - Group","hd":false},{"ind":1,"ty":"sh","ix":2,"ks":{"a":0,"k":{"i":[[0,0],[0,0],[0,0],[0,0]],"o":[[0,0],[0,0],[0,0],[0,0]],"v":[[6.536,6.977],[-7.407,6.977],[-6.54,-6.971],[7.403,-6.971]],"c":true},"ix":2},"nm":"Path 2","mn":"ADBE Vector Shape - Group","hd":false},{"ty":"mm","mm":1,"nm":"Merge Paths 1","mn":"ADBE Vector Filter - Merge","hd":false},{"ty":"fl","c":{"a":0,"k":[0.9686274509803922,0.7098039215686275,0,1],"ix":4},"o":{"a":0,"k":100,"ix":5},"r":1,"bm":0,"nm":"Fill 1","mn":"ADBE Vector Graphic - Fill","hd":false},{"ty":"tr","p":{"a":0,"k":[0,0],"ix":2},"a":{"a":0,"k":[0,0],"ix":1},"s":{"a":0,"k":[100,100],"ix":3},"r":{"a":0,"k":0,"ix":6},"o":{"a":0,"k":100,"ix":7},"sk":{"a":0,"k":0,"ix":4},"sa":{"a":0,"k":0,"ix":5},"nm":"Transform"}],"nm":"squre","np":4,"cix":2,"bm":0,"ix":1,"mn":"ADBE Vector Group","hd":false}],"ip":0,"op":300,"st":0,"bm":0},{"ddd":0,"ind":11,"ty":4,"nm":"squre","parent":1,"sr":1,"ks":{"o":{"a":1,"k":[{"i":{"x":[0.833],"y":[0.833]},"o":{"x":[0.167],"y":[0.167]},"t":0,"s":[0]},{"i":{"x":[0.833],"y":[0.833]},"o":{"x":[0.167],"y":[0.167]},"t":10,"s":[0]},{"t":30,"s":[40]}],"ix":11},"r":{"a":0,"k":0,"ix":10},"p":{"a":1,"k":[{"i":{"x":0.833,"y":0.833},"o":{"x":0.167,"y":0.167},"t":10,"s":[126.085,59.083,0],"to":[-6.667,0,0],"ti":[6.667,0,0]},{"t":21,"s":[86.085,59.083,0]}],"ix":2,"l":2},"a":{"a":0,"k":[0,0,0],"ix":1,"l":2},"s":{"a":0,"k":[100,100,100],"ix":6,"l":2}},"ao":0,"shapes":[{"ty":"gr","it":[{"ind":0,"ty":"sh","ix":1,"ks":{"a":0,"k":{"i":[[-0.165,0],[0,0],[0,0],[-0.224,0.211],[-0.018,0.308],[0,0],[0.056,0.155],[0.113,0.12],[0.151,0.066],[0.165,-0.002],[0,0],[0.224,-0.21],[0.019,-0.307],[0,0],[-0.056,-0.155],[-0.114,-0.12],[-0.151,-0.065]],"o":[[0,0],[0,0],[0.308,0.001],[0.224,-0.211],[0,0],[0.009,-0.165],[-0.056,-0.155],[-0.111,-0.122],[-0.151,-0.066],[0,0],[-0.307,-0.001],[-0.224,0.21],[0,0],[-0.01,0.165],[0.056,0.155],[0.113,0.12],[0.151,0.065]],"v":[[-8.69,9.39],[7.671,9.39],[7.671,9.39],[8.5,9.062],[8.878,8.254],[9.896,-8.107],[9.825,-8.592],[9.569,-9.009],[9.17,-9.293],[8.69,-9.39],[-7.677,-9.39],[-8.504,-9.064],[-8.883,-8.26],[-9.896,8.107],[-9.826,8.592],[-9.568,9.009],[-9.168,9.29]],"c":true},"ix":2},"nm":"Path 1","mn":"ADBE Vector Shape - Group","hd":false},{"ind":1,"ty":"sh","ix":2,"ks":{"a":0,"k":{"i":[[0,0],[0,0],[0,0],[0,0]],"o":[[0,0],[0,0],[0,0],[0,0]],"v":[[6.535,6.971],[-7.407,6.971],[-6.541,-6.977],[7.402,-6.977]],"c":true},"ix":2},"nm":"Path 2","mn":"ADBE Vector Shape - Group","hd":false},{"ty":"mm","mm":1,"nm":"Merge Paths 1","mn":"ADBE Vector Filter - Merge","hd":false},{"ty":"fl","c":{"a":0,"k":[0.9686274509803922,0.7098039215686275,0,1],"ix":4},"o":{"a":0,"k":100,"ix":5},"r":1,"bm":0,"nm":"Fill 1","mn":"ADBE Vector Graphic - Fill","hd":false},{"ty":"tr","p":{"a":0,"k":[0,0],"ix":2},"a":{"a":0,"k":[0,0],"ix":1},"s":{"a":0,"k":[100,100],"ix":3},"r":{"a":0,"k":0,"ix":6},"o":{"a":0,"k":100,"ix":7},"sk":{"a":0,"k":0,"ix":4},"sa":{"a":0,"k":0,"ix":5},"nm":"Transform"}],"nm":"squre","np":4,"cix":2,"bm":0,"ix":1,"mn":"ADBE Vector Group","hd":false}],"ip":0,"op":300,"st":0,"bm":0},{"ddd":0,"ind":12,"ty":4,"nm":"squre","parent":1,"sr":1,"ks":{"o":{"a":1,"k":[{"i":{"x":[0.833],"y":[0.833]},"o":{"x":[0.167],"y":[0.167]},"t":0,"s":[0]},{"i":{"x":[0.833],"y":[0.833]},"o":{"x":[0.167],"y":[0.167]},"t":10,"s":[0]},{"t":25,"s":[40]}],"ix":11},"r":{"a":0,"k":0,"ix":10},"p":{"a":1,"k":[{"i":{"x":0.833,"y":0.833},"o":{"x":0.167,"y":0.167},"t":10,"s":[126.085,34.156,0],"to":[-6.667,0,0],"ti":[6.667,0,0]},{"t":21,"s":[86.085,34.156,0]}],"ix":2,"l":2},"a":{"a":0,"k":[0,0,0],"ix":1,"l":2},"s":{"a":0,"k":[100,100,100],"ix":6,"l":2}},"ao":0,"shapes":[{"ty":"gr","it":[{"ind":0,"ty":"sh","ix":1,"ks":{"a":0,"k":{"i":[[-0.165,0.002],[0,0],[-0.146,0.053],[-0.114,0.105],[-0.065,0.141],[-0.005,0.155],[0,0],[0.056,0.155],[0.113,0.12],[0.151,0.066],[0.165,0.001],[0,0],[0.224,-0.211],[0.019,-0.307],[0,0],[-0.056,-0.155],[-0.113,-0.12],[-0.151,-0.066]],"o":[[0,0],[0.155,0.008],[0.146,-0.053],[0.114,-0.105],[0.065,-0.141],[0,0],[0.01,-0.165],[-0.056,-0.155],[-0.113,-0.12],[-0.151,-0.066],[0,0],[-0.308,0.001],[-0.224,0.211],[0,0],[-0.009,0.165],[0.056,0.155],[0.111,0.122],[0.151,0.066]],"v":[[-8.705,9.389],[7.662,9.389],[8.119,9.321],[8.514,9.082],[8.786,8.708],[8.892,8.259],[9.911,-8.108],[9.84,-8.592],[9.584,-9.009],[9.183,-9.29],[8.705,-9.391],[-7.692,-9.391],[-8.519,-9.061],[-8.898,-8.254],[-9.911,8.107],[-9.84,8.591],[-9.583,9.008],[-9.185,9.293]],"c":true},"ix":2},"nm":"Path 1","mn":"ADBE Vector Shape - Group","hd":false},{"ind":1,"ty":"sh","ix":2,"ks":{"a":0,"k":{"i":[[0,0],[0,0],[0,0],[0,0]],"o":[[0,0],[0,0],[0,0],[0,0]],"v":[[6.526,6.976],[-7.416,6.976],[-6.556,-6.972],[7.375,-6.972]],"c":true},"ix":2},"nm":"Path 2","mn":"ADBE Vector Shape - Group","hd":false},{"ty":"mm","mm":1,"nm":"Merge Paths 1","mn":"ADBE Vector Filter - Merge","hd":false},{"ty":"fl","c":{"a":0,"k":[0.9686274509803922,0.7098039215686275,0,1],"ix":4},"o":{"a":0,"k":100,"ix":5},"r":1,"bm":0,"nm":"Fill 1","mn":"ADBE Vector Graphic - Fill","hd":false},{"ty":"tr","p":{"a":0,"k":[0,0],"ix":2},"a":{"a":0,"k":[0,0],"ix":1},"s":{"a":0,"k":[100,100],"ix":3},"r":{"a":0,"k":0,"ix":6},"o":{"a":0,"k":100,"ix":7},"sk":{"a":0,"k":0,"ix":4},"sa":{"a":0,"k":0,"ix":5},"nm":"Transform"}],"nm":"squre","np":4,"cix":2,"bm":0,"ix":1,"mn":"ADBE Vector Group","hd":false}],"ip":0,"op":300,"st":0,"bm":0},{"ddd":0,"ind":13,"ty":0,"nm":"white-bd","parent":1,"refId":"comp_5","sr":1,"ks":{"o":{"a":1,"k":[{"i":{"x":[0.833],"y":[0.833]},"o":{"x":[0.167],"y":[0.167]},"t":0,"s":[100]},{"i":{"x":[0.833],"y":[0.833]},"o":{"x":[0.167],"y":[0.167]},"t":10,"s":[0]},{"t":20,"s":[100]}],"ix":11},"r":{"a":0,"k":0,"ix":10},"p":{"a":0,"k":[54.598,72.285,0],"ix":2,"l":2},"a":{"a":0,"k":[52,62,0],"ix":1,"l":2},"s":{"a":0,"k":[100,100,100],"ix":6,"l":2}},"ao":0,"w":104,"h":124,"ip":0,"op":300,"st":0,"bm":0},{"ddd":0,"ind":14,"ty":0,"nm":"blue-bd","parent":1,"refId":"comp_6","sr":1,"ks":{"o":{"a":0,"k":100,"ix":11},"r":{"a":0,"k":0,"ix":10},"p":{"a":0,"k":[57,73.005,0],"ix":2,"l":2},"a":{"a":0,"k":[57,67,0],"ix":1,"l":2},"s":{"a":0,"k":[100,100,100],"ix":6,"l":2}},"ao":0,"w":114,"h":134,"ip":0,"op":300,"st":0,"bm":0}],"markers":[]}